,algorithm,goal_reached_n,solution_length_avg,solution_length_std,explored_states_avg,explored_states_std
0,GoalAgentBFS,299,68.62333333333333,35.31513345662289,4567.07,2714.383020572922
1,GoalAgentDFS,299,981.9566666666667,715.9345470836813,4461.026666666667,2725.4429162225197
2,GoalAgentDLS,97,37.413333333333334,57.81450983429807,2404.2933333333335,1090.1724545031452
3,GoalAgentUCS,299,68.62333333333333,35.31513345662289,4567.07,2714.3830205729214
